,alpha,probability
0,3.6589012172646234,0.00019999999999999985
1,3.593618754233162,0.00019999999999999985
2,3.643248050326025,0.0016000000000000007
3,3.666446890853155,0.002599999999999999
4,3.6075138112221996,0.0004000000000000001
5,3.651833265388584,0.00019999999999999985
6,3.709244264607746,0.00019999999999999985
7,3.6959385234805024,0.0008000000000000003
8,3.7547102675150517,0.002599999999999999
9,3.727307216383389,0.0005999999999999997
10,3.543515483161104,0.00019999999999999985
11,3.46852156858712,0.0008000000000000003
12,3.5104703582933126,0.0005999999999999997
13,3.5161606655780835,0.0010000000000000002
14,3.474385904399785,0.0017999999999999997
15,3.480343127096324,0.0008000000000000003
16,3.5374930264575584,0.0004000000000000001
17,3.543266932821967,0.0010000000000000002
18,3.5927982518465504,0.00019999999999999985
19,3.518355896521909,0.0005999999999999997
20,3.5007706756535253,0.0011999999999999995
21,3.5571573987398124,0.0016000000000000007
22,3.6494898640161404,0.0008000000000000003
23,3.5562838526155294,0.0010000000000000002
24,3.6283487469266196,0.0011999999999999995
25,3.6446596209006863,0.0008000000000000003
26,3.6662350647153286,0.0008000000000000003
27,3.6449264697469124,0.0004000000000000001
28,3.8643890399641805,0.0014000000000000002
29,3.951486189525686,0.00019999999999999985
30,4.029881086394016,0.00019999999999999985
31,4.117688798821104,0.0020000000000000005
32,4.096797061281841,0.0005999999999999997
33,4.175409122963774,0.0005999999999999997
34,4.208025482128338,0.0032000000000000015
35,4.209795233177923,0.00019999999999999985
36,4.303402500525129,0.00019999999999999985
37,4.3647423643012315,0.0008000000000000003
38,4.329727098900028,0.0005999999999999997
39,4.3328061503281905,0.0022000000000000006
40,4.247700862896814,0.0008000000000000003
41,4.179949853490245,0.0004000000000000001
42,4.1383902574958995,0.0008000000000000003
43,4.205262071968061,0.0010000000000000002
44,4.245306970195617,0.0010000000000000002
45,4.230109243559063,0.0008000000000000003
46,4.250966583961175,0.0004000000000000001
47,4.270829193707986,0.0011999999999999995
48,4.231077535564647,0.0014000000000000002
49,4.225845489878205,0.00019999999999999985
50,4.157733490608827,0.00019999999999999985
51,4.1244412451261665,0.00019999999999999985
52,4.166592305715193,0.0010000000000000002
53,4.150022039286371,0.0008000000000000003
54,4.238302952891261,0.0028000000000000013
55,4.227141853687542,0.0014000000000000002
56,4.175702869997617,0.0004000000000000001
57,4.142628414163568,0.0020000000000000005
58,4.202042664153321,0.0020000000000000005
59,4.174533643475102,0.00019999999999999985
60,4.189260719514733,0.00019999999999999985
61,4.249587649992459,0.0004000000000000001
62,4.263162172345566,0.00019999999999999985
63,4.326341718135723,0.00019999999999999985
64,4.375975632877892,0.0008000000000000003
65,4.283195599407557,0.0005999999999999997
66,4.323086996239873,0.00019999999999999985
67,4.3804494419343865,0.002599999999999999
68,4.454709117508265,0.0004000000000000001
69,4.447501405812979,0.0014000000000000002
70,4.380144856442131,0.0005999999999999997
71,4.456434390688205,0.0004000000000000001
72,4.542981870830228,0.002599999999999999
73,4.594040533948695,0.0014000000000000002
74,4.543461488750367,0.00019999999999999985
75,4.46698962537663,0.00019999999999999985
76,4.527453202231767,0.0008000000000000003
77,4.502915637316639,0.0008000000000000003
78,4.544363989430592,0.0008000000000000003
79,4.551655700809034,0.0008000000000000003
80,4.593684284024315,0.0017999999999999997
81,4.538343815331699,0.00019999999999999985
82,4.481577112731721,0.0010000000000000002
83,4.566768906550164,0.00019999999999999985
84,4.467919771818144,0.0010000000000000002
85,4.47429615363407,0.0008000000000000003
86,4.464809666383497,0.0011999999999999995
87,4.418900530445952,0.00019999999999999985
88,4.514372334186473,0.0010000000000000002
89,4.55154001626648,0.0008000000000000003
90,4.49431353799764,0.0004000000000000001
91,4.489993812036982,0.0017999999999999997
92,4.475606978561304,0.00019999999999999985
93,4.506972655234327,0.0011999999999999995
94,4.554532778776043,0.0017999999999999997
95,4.482317626610483,0.0011999999999999995
96,4.495969209359992,0.0005999999999999997
97,4.401141435878926,0.00019999999999999985
98,4.416224334281897,0.0008000000000000003
99,4.488281887217006,0.0004000000000000001
100,4.325667760896187,0.0014000000000000002
101,4.390880903970201,0.0020000000000000005
102,4.372124616823674,0.0011999999999999995
103,4.321963205624979,0.0011999999999999995
104,4.279372310996473,0.00019999999999999985
105,4.334226062623183,0.00019999999999999985
106,4.326938014884864,0.00019999999999999985
107,4.507974663528413,0.0005999999999999997
108,4.5776842944800125,0.0008000000000000003
109,4.498523342170943,0.0022000000000000006
110,4.500104724620778,0.00019999999999999985
111,4.528487249298467,0.0010000000000000002
112,4.576431028698171,0.0004000000000000001
113,4.60914478507296,0.0010000000000000002
114,4.630087779752749,0.00019999999999999985
115,4.694513923762624,0.0032000000000000015
116,4.7422305267531,0.0010000000000000002
117,4.812994295170414,0.0014000000000000002
118,4.854139145559138,0.00019999999999999985
119,4.879408442587089,0.0011999999999999995
120,4.796561607986824,0.00019999999999999985
121,4.7740316373448035,0.00019999999999999985
122,4.853436913255609,0.00019999999999999985
123,4.865656469736473,0.00019999999999999985
124,4.828410353666733,0.0005999999999999997
125,4.915657509237322,0.0008000000000000003
126,4.83284827873562,0.0020000000000000005
127,4.845176261435508,0.002599999999999999
128,4.820482586097901,0.0004000000000000001
129,4.867464496120602,0.0011999999999999995
130,4.8401423622358495,0.0008000000000000003
131,4.78589034720745,0.0005999999999999997
132,4.8185727998654695,0.0004000000000000001
133,4.796401033158846,0.0014000000000000002
134,4.806309796024349,0.0005999999999999997
135,4.83372004835853,0.0008000000000000003
136,4.849433787714835,0.00019999999999999985
137,4.8936668289513525,0.0005999999999999997
138,4.970295091049732,0.00019999999999999985
139,4.973646107861217,0.0008000000000000003
140,5.0649320067888555,0.0008000000000000003
141,5.1114145841087595,0.0004000000000000001
142,5.015932313858382,0.0034000000000000007
143,5.017540606023141,0.00019999999999999985
144,4.9608150097036505,0.00019999999999999985
145,5.012129097225737,0.0004000000000000001
146,5.059295433380024,0.00019999999999999985
147,5.111419823701913,0.0017999999999999997
148,5.0615718581304,0.004000000000000002
149,4.985138064884497,0.0014000000000000002
150,4.9071900163013,0.0011999999999999995
151,4.985035404887009,0.0010000000000000002
152,4.9017477672461265,0.0004000000000000001
153,4.941152046106617,0.0010000000000000002
154,4.930503459982392,0.0008000000000000003
155,4.889563265367048,0.0008000000000000003
156,4.977112790398957,0.0004000000000000001
157,5.077077329020818,0.00019999999999999985
158,5.050235059732485,0.0011999999999999995
159,4.993390075232536,0.0010000000000000002
160,4.920917701980285,0.0014000000000000002
161,4.8764922802952535,0.0016000000000000007
162,4.935403987273699,0.00019999999999999985
163,4.906816759435777,0.00019999999999999985
164,4.952514568271988,0.0004000000000000001
165,4.899630195599569,0.0022000000000000006
166,4.930317081067336,0.0004000000000000001
167,5.023761190137111,0.0032000000000000015
168,5.062888619366008,0.00019999999999999985
169,5.096887989794722,0.0014000000000000002
170,5.174484128903322,0.0010000000000000002
171,5.114418445424645,0.0010000000000000002
172,5.120016282609367,0.0011999999999999995
173,5.058085556623612,0.0004000000000000001
174,4.999398857223323,0.0008000000000000003
175,5.023311644837964,0.0005999999999999997
176,5.051227941674447,0.0022000000000000006
177,4.9687108073861115,0.0008000000000000003
178,5.053900550583959,0.0004000000000000001
179,5.030905476684002,0.0014000000000000002
180,4.944778528052128,0.00019999999999999985
181,4.984039710399578,0.00019999999999999985
182,5.076127819874404,0.0022000000000000006
183,5.0557683823987345,0.0028000000000000013
184,5.127180917613992,0.0010000000000000002
185,4.976778955492868,0.0014000000000000002
186,4.826005309819227,0.00019999999999999985
187,4.870867869026987,0.0008000000000000003
188,4.786469872874649,0.0014000000000000002
189,4.729980812386238,0.0008000000000000003
190,4.716696916706029,0.0005999999999999997
191,4.814132786361106,0.0008000000000000003
192,4.799163199397355,0.0016000000000000007
193,4.887749019388456,0.0022000000000000006
194,4.930960259208952,0.0008000000000000003
195,4.947853872176571,0.00019999999999999985
196,4.84900300610624,0.0004000000000000001
197,4.84296195075051,0.0004000000000000001
198,4.778080796586083,0.00019999999999999985
199,4.836233526073894,0.0005999999999999997
200,4.817054507560307,0.0004000000000000001
201,4.858586185590138,0.00019999999999999985
202,4.797204935590931,0.00019999999999999985
203,4.747569332970134,0.0011999999999999995
204,4.710755117952769,0.0016000000000000007
205,4.7626050639704935,0.0023999999999999994
206,4.749167588218247,0.0004000000000000001
207,4.675386597836798,0.00019999999999999985
208,4.763489501400763,0.00019999999999999985
209,4.801572306265004,0.00019999999999999985
210,4.777853782060269,0.00019999999999999985
211,4.805620457334314,0.0008000000000000003
212,4.795147080133791,0.0011999999999999995
213,4.7430504466577865,0.0005999999999999997
214,4.767937301347322,0.00019999999999999985
215,4.821442133645275,0.005000000000000002
216,4.83375768225479,0.00019999999999999985
217,4.795366193885743,0.0014000000000000002
218,4.751976643095213,0.00019999999999999985
219,4.700701574391372,0.0008000000000000003
220,4.7195942571826155,0.0008000000000000003
221,4.625010154205512,0.0010000000000000002
222,4.54792016546771,0.0004000000000000001
223,4.485348248139018,0.00019999999999999985
224,4.4847766356590535,0.00019999999999999985
225,4.471732470159302,0.00019999999999999985
226,4.438704007746029,0.00019999999999999985
227,4.411479962951695,0.0004000000000000001
228,4.379891219635592,0.002599999999999999
229,4.4668104503880715,0.00019999999999999985
230,4.44653488396964,0.0004000000000000001
231,4.504724600388139,0.0004000000000000001
232,4.557791011196324,0.00019999999999999985
233,4.5485007641431485,0.00019999999999999985
234,4.463341580112868,0.0016000000000000007
235,4.497874226011322,0.00019999999999999985
236,4.491131185605805,0.0008000000000000003
237,4.474245394881336,0.00019999999999999985
238,4.4396051467213935,0.0005999999999999997
239,4.486719640588378,0.00019999999999999985
240,4.4017959484986235,0.0004000000000000001
241,4.461302573123785,0.0016000000000000007
242,4.461361090650314,0.0005999999999999997
243,4.52620045706689,0.0005999999999999997
244,4.608016654896663,0.0005999999999999997
245,4.651170583631783,0.0008000000000000003
246,4.689053148431542,0.0010000000000000002
247,4.770342984668651,0.00019999999999999985
248,4.704048878287143,0.00019999999999999985
249,4.6814887379392465,0.0004000000000000001
250,4.612977051809819,0.0004000000000000001
251,4.650066718450924,0.0004000000000000001
252,4.637265021011157,0.0020000000000000005
253,4.6941510925631444,0.0008000000000000003
254,4.7217553626948705,0.00019999999999999985
255,4.633134054609468,0.0010000000000000002
256,4.625297340102364,0.0008000000000000003
257,4.5736782254804655,0.0004000000000000001
258,4.557515932138232,0.0005999999999999997
259,4.540144353259281,0.0004000000000000001
260,4.747567890536745,0.0005999999999999997
261,4.829208095499779,0.0004000000000000001
262,4.795465288141378,0.00019999999999999985
263,4.76404687419588,0.0010000000000000002
264,4.67411339974612,0.0004000000000000001
265,4.655238980208834,0.0004000000000000001
266,4.6310212070558725,0.0005999999999999997
267,4.5881267745820695,0.0020000000000000005
268,4.6015836021519005,0.00019999999999999985
269,4.506999047382316,0.0004000000000000001
270,4.507214802986915,0.0008000000000000003
271,4.4184971733729785,0.00019999999999999985
272,4.45763518930426,0.0005999999999999997
273,4.516359013378892,0.0022000000000000006
274,4.475762135322604,0.0005999999999999997
275,4.573105040295042,0.0014000000000000002
276,4.576884303812707,0.0005999999999999997
277,4.495163603636192,0.00019999999999999985
278,4.5022815734526,0.0008000000000000003
279,4.4704312889150195,0.0005999999999999997
280,4.539966192078483,0.0028000000000000013
281,4.503575914413828,0.0020000000000000005
282,4.538321160637511,0.0017999999999999997
283,4.564114814469849,0.00019999999999999985
284,4.6477967860959,0.0004000000000000001
285,4.746649365399487,0.0010000000000000002
286,4.788307621287504,0.00019999999999999985
287,4.75251104640671,0.0005999999999999997
288,4.7633482098446995,0.0011999999999999995
289,4.718041571482169,0.0005999999999999997
290,4.779368233277655,0.0004000000000000001
291,4.809443820194776,0.0016000000000000007
292,4.799748893912533,0.0020000000000000005
293,4.887653949558332,0.0028000000000000013
294,5.048004924018292,0.0008000000000000003
295,5.14266297305909,0.0008000000000000003
296,5.1667339054196475,0.0004000000000000001
297,5.098811072044641,0.0010000000000000002
298,5.04185347004596,0.0005999999999999997
299,5.053637235146395,0.0011999999999999995
300,5.064978899014767,0.00019999999999999985
301,4.987621929186803,0.0017999999999999997
302,5.0539299300459035,0.0005999999999999997
303,5.13156895423244,0.00019999999999999985
304,5.123835283015401,0.0008000000000000003
305,5.024090539241808,0.0016000000000000007
306,5.017943456416052,0.0010000000000000002
307,5.043147570493329,0.0010000000000000002
308,4.952522328140563,0.0005999999999999997
309,4.993844643906555,0.0011999999999999995
310,5.045366929768959,0.002599999999999999
311,4.9838726886984865,0.0011999999999999995
312,4.982673269444213,0.00019999999999999985
313,4.961182330194055,0.0004000000000000001
314,4.921330441834689,0.00019999999999999985
315,4.926892936065686,0.0011999999999999995
316,4.900247029676819,0.0004000000000000001
317,4.903337810225839,0.0010000000000000002
318,4.902325785435515,0.002599999999999999
319,4.873131622679823,0.00019999999999999985
320,4.791223893234286,0.0008000000000000003
321,4.789331256766695,0.00019999999999999985
322,4.789419401511669,0.00019999999999999985
323,4.874799350341315,0.0004000000000000001
324,4.871899851856169,0.0004000000000000001
325,4.844088249632543,0.00019999999999999985
326,4.867080615692846,0.0008000000000000003
327,4.863176264800671,0.0022000000000000006
328,4.884019187141431,0.0010000000000000002
329,4.879477441628051,0.0016000000000000007
330,4.936221133465498,0.0010000000000000002
331,4.966213282481754,0.0014000000000000002
332,5.053967087649907,0.0004000000000000001
333,5.1332915477865075,0.00019999999999999985
334,5.174289710237695,0.0004000000000000001
335,5.105471746860906,0.0023999999999999994
336,5.112527902523583,0.0011999999999999995
337,5.12787040388123,0.0037999999999999996
338,5.220001142909962,0.0010000000000000002
339,5.192606226646731,0.0005999999999999997
340,5.197890648404307,0.0004000000000000001
341,5.252538951408799,0.0005999999999999997
342,5.23694027527886,0.0010000000000000002
343,5.239345103796845,0.0005999999999999997
344,5.1905287306648455,0.0008000000000000003
345,5.15201865511685,0.0005999999999999997
346,5.057230192237302,0.0004000000000000001
347,4.990776772734103,0.0004000000000000001
348,5.078518777744186,0.0016000000000000007
349,4.991733847584995,0.0005999999999999997
350,5.037504982782839,0.0005999999999999997
351,5.079325492376531,0.0004000000000000001
352,5.047110347878057,0.00019999999999999985
353,4.971667257022679,0.0008000000000000003
354,4.942032867504402,0.0004000000000000001
355,4.863265339833101,0.00019999999999999985
356,4.960090180026292,0.00019999999999999985
357,5.015184570326058,0.00019999999999999985
358,5.018547952316471,0.0008000000000000003
359,4.936921789326803,0.0010000000000000002
360,4.927168049385396,0.0008000000000000003
361,4.848737271532803,0.0008000000000000003
362,4.793512123417669,0.0004000000000000001
363,4.697165401440556,0.0004000000000000001
364,4.764864528532815,0.0005999999999999997
365,4.779270062942211,0.0004000000000000001
366,4.866589130172822,0.00019999999999999985
367,4.69141555809116,0.0010000000000000002
368,4.7037876881328895,0.0004000000000000001
369,4.661189283985652,0.00019999999999999985
370,4.678866327335149,0.0017999999999999997
371,4.600807005853747,0.00019999999999999985
372,4.5793600510630625,0.0022000000000000006
373,4.52938317414989,0.0005999999999999997
374,4.518169743560272,0.0005999999999999997
375,4.555715973792815,0.0005999999999999997
376,4.502559637314733,0.0011999999999999995
377,4.47924594578992,0.0014000000000000002
378,4.516489633740369,0.0008000000000000003
379,4.603087515347083,0.0011999999999999995
380,4.580308475118162,0.0017999999999999997
381,4.731541208352828,0.0011999999999999995
382,4.807516551574236,0.0004000000000000001
383,4.716888821941576,0.0005999999999999997
384,4.72652943814634,0.0008000000000000003
385,4.724025156551195,0.0004000000000000001
386,4.747575002366756,0.0022000000000000006
387,4.787530023303315,0.0028000000000000013
388,4.850916262931829,0.0005999999999999997
389,4.833548392625103,0.00019999999999999985
390,4.873367862779381,0.0008000000000000003
391,4.839682370056198,0.00019999999999999985
392,4.902184280789375,0.00019999999999999985
393,4.808169304169799,0.0004000000000000001
394,4.7751086642740495,0.0020000000000000005
395,4.765706698959004,0.0008000000000000003
396,4.731087650390309,0.00019999999999999985
397,4.7482683138730435,0.0014000000000000002
398,4.82928014097157,0.0004000000000000001
399,4.767555199711476,0.0005999999999999997
400,4.716581704439516,0.0004000000000000001
401,4.666825577970067,0.0016000000000000007
402,4.735042253523657,0.00019999999999999985
403,4.663637380335277,0.0005999999999999997
404,4.651899671657931,0.00019999999999999985
405,4.73222245380007,0.00019999999999999985
406,4.729331983900683,0.00019999999999999985
407,4.733264016974329,0.0004000000000000001
408,4.680324646812154,0.0005999999999999997
409,4.587417900566997,0.00019999999999999985
410,4.518677019692737,0.0010000000000000002
411,4.612630020268238,0.0023999999999999994
412,4.523699724307308,0.00019999999999999985
413,4.533591154486148,0.0014000000000000002
414,4.512026203888919,0.0023999999999999994
415,4.499746623026919,0.0004000000000000001
416,4.5286335226593115,0.0005999999999999997
417,4.4351421406977405,0.002999999999999999
418,4.339053363762339,0.0005999999999999997
419,4.316779409764072,0.0004000000000000001
420,4.2514709743130785,0.0005999999999999997
421,4.161389201554372,0.0004000000000000001
422,4.1387237381604445,0.002599999999999999
423,4.169905690336074,0.0017999999999999997
424,4.1822638592923465,0.0005999999999999997
425,4.179617733152989,0.0008000000000000003
426,4.224125552740292,0.0004000000000000001
427,4.268012416776289,0.00019999999999999985
428,4.214136249291839,0.00019999999999999985
429,4.177345072456674,0.0022000000000000006
430,4.193378202794408,0.0004000000000000001
431,4.260192305400757,0.00019999999999999985
432,4.264541722163923,0.0022000000000000006
433,4.270492508839877,0.0010000000000000002
434,4.19976820175131,0.0004000000000000001
435,4.2099845054258775,0.0011999999999999995
436,4.253915672313546,0.0014000000000000002
437,4.19910873075191,0.00019999999999999985
438,4.143873084389826,0.0004000000000000001
439,4.1160687614004585,0.0017999999999999997
440,4.102120114280928,0.0020000000000000005
441,4.108378830396223,0.0004000000000000001
442,4.135494378350284,0.0010000000000000002
443,4.223291732868837,0.0008000000000000003
444,4.314854914016772,0.0014000000000000002
445,4.322693512877683,0.00019999999999999985
446,4.30175461984515,0.0014000000000000002
447,4.305967584427078,0.0005999999999999997
448,4.395441941492823,0.004799999999999999
449,4.336812207147107,0.0004000000000000001
450,4.343218464938999,0.0004000000000000001
451,4.389304027188637,0.0016000000000000007
452,4.4562520005548665,0.0008000000000000003
453,4.53216083193423,0.0004000000000000001
454,4.700694402478269,0.0017999999999999997
455,4.744761093118887,0.0011999999999999995
456,4.7325115703395735,0.0004000000000000001
457,4.7424004369869355,0.00019999999999999985
458,4.7084022084554356,0.0005999999999999997
459,4.713183129559276,0.0011999999999999995
460,4.766021601287063,0.0004000000000000001
461,4.671414939253235,0.0004000000000000001
462,4.613434220488026,0.0005999999999999997
463,4.66928559243425,0.0004000000000000001
464,4.723942237701109,0.0016000000000000007
465,4.75527783527787,0.00019999999999999985
466,4.787749548182729,0.0020000000000000005
467,4.8443536584790845,0.00019999999999999985
468,4.901133697981222,0.0005999999999999997
469,4.999472914204723,0.0016000000000000007
470,5.109018205167553,0.0014000000000000002
471,5.021814581796233,0.00019999999999999985
472,5.027557506584226,0.0014000000000000002
473,4.990162621000154,0.0010000000000000002
474,4.997394406432074,0.002999999999999999
475,4.9471096567855115,0.0011999999999999995
476,4.911148352099691,0.00019999999999999985
477,4.956804802154658,0.002599999999999999
478,4.944647510117665,0.0005999999999999997
479,4.930790276138411,0.002999999999999999
480,4.964690158538656,0.0004000000000000001
481,4.948361729866473,0.0005999999999999997
482,4.782177968169378,0.0005999999999999997
483,4.850311317966369,0.00019999999999999985
484,4.793210809750761,0.0016000000000000007
485,4.875598573598716,0.0004000000000000001
486,4.892805686599537,0.0004000000000000001
487,4.923570813942358,0.0008000000000000003
488,4.88202282527814,0.0014000000000000002
489,4.941151885160657,0.00019999999999999985
490,4.843402317060354,0.00019999999999999985
491,4.678139504319366,0.00019999999999999985
492,4.601456569192432,0.0017999999999999997
493,4.587950715731583,0.0014000000000000002
494,4.610105305903895,0.00019999999999999985
495,4.565466119751481,0.0004000000000000001
496,4.478938474016342,0.0008000000000000003
497,4.500630338645076,0.00019999999999999985
498,4.475981353225643,0.00019999999999999985
499,4.546519631114724,0.0005999999999999997
500,4.48058081071406,0.0022000000000000006
501,4.503781560675754,0.0004000000000000001
502,4.588332653313017,0.0011999999999999995
503,4.663634139795813,0.0004000000000000001
504,4.687145683170359,0.0008000000000000003
505,4.612271405812256,0.00019999999999999985
506,4.584287591491684,0.0008000000000000003
507,4.562824043109274,0.0020000000000000005
508,4.613306191024053,0.0004000000000000001
509,4.633841273747733,0.0014000000000000002
510,4.64599599770195,0.0010000000000000002
511,4.732374286489729,0.00019999999999999985
512,4.790706499519979,0.0016000000000000007
513,4.842292885264966,0.0005999999999999997
514,4.80698677444391,0.00019999999999999985
515,4.770121693898561,0.0005999999999999997
516,4.742348194329471,0.0008000000000000003
517,4.767788028901328,0.0004000000000000001
518,4.71909752291592,0.0008000000000000003
519,4.787297293693136,0.0011999999999999995
520,4.7895974084595645,0.0016000000000000007
521,4.741205281396084,0.0005999999999999997
522,4.732535527029183,0.00019999999999999985
523,4.6767408177924,0.0004000000000000001
524,4.774324220654888,0.0004000000000000001
525,4.74747673747466,0.0004000000000000001
526,4.8024817768410895,0.0016000000000000007
527,4.922099544182458,0.0016000000000000007
528,4.970402489624525,0.0005999999999999997
529,4.895503595747403,0.0004000000000000001
530,4.900104120702377,0.0023999999999999994
531,4.809777404535984,0.0005999999999999997
532,4.776239670719512,0.0005999999999999997
533,4.681662666766266,0.0010000000000000002
534,4.6863786723731495,0.0014000000000000002
535,4.770362521955561,0.00019999999999999985
536,4.6872811685182185,0.0011999999999999995
537,4.758433842602517,0.0004000000000000001
538,4.690817526007715,0.00019999999999999985
539,4.700610124624175,0.0020000000000000005
540,4.653065737497364,0.0005999999999999997
541,4.653344481854525,0.0020000000000000005
542,4.5751878003955335,0.0004000000000000001
543,4.496927833890279,0.0010000000000000002
544,4.566809112853396,0.0008000000000000003
545,4.606025131916506,0.0008000000000000003
546,4.693261860503998,0.00019999999999999985
547,4.71957160545875,0.0005999999999999997
548,4.687663992235963,0.0004000000000000001
549,4.754003615223178,0.00019999999999999985
550,4.740153734911513,0.00019999999999999985
551,4.673680774974136,0.0005999999999999997
552,4.665114943358823,0.0017999999999999997
553,4.636798537616357,0.00019999999999999985
554,4.684642440082192,0.00019999999999999985
555,4.72971043370044,0.00019999999999999985
556,4.644026203238413,0.0010000000000000002
557,4.593076487076932,0.00019999999999999985
558,4.61341146664853,0.0004000000000000001
559,4.609949541973926,0.0004000000000000001
560,4.617699259112796,0.0005999999999999997
561,4.652935523408093,0.00019999999999999985
562,4.704490831152599,0.0011999999999999995
563,4.705132729159051,0.00019999999999999985
564,4.6498506436752525,0.0022000000000000006
565,4.663370670110819,0.002999999999999999
566,4.631181209942704,0.0005999999999999997
567,4.675825834910386,0.0005999999999999997
568,4.578687246735661,0.0005999999999999997
569,4.624031372127016,0.0005999999999999997
570,4.628497269742784,0.00019999999999999985
571,4.620364578635007,0.0028000000000000013
572,4.585241012413518,0.0014000000000000002
573,4.661222033787196,0.0004000000000000001
574,4.728468723101521,0.0004000000000000001
575,4.759916257014407,0.00019999999999999985
576,4.77957612031352,0.0017999999999999997
577,4.829350726980302,0.004799999999999999
578,4.8706556485250845,0.0004000000000000001
579,4.798228248077272,0.0004000000000000001
580,4.876264438201262,0.00019999999999999985
581,4.793712938472515,0.0005999999999999997
582,4.7138342509412485,0.0016000000000000007
583,4.6678364601315465,0.0005999999999999997
584,4.760546093709814,0.0020000000000000005
585,4.7922035217509205,0.0004000000000000001
586,4.787951274799951,0.0010000000000000002
587,4.874534934951161,0.0004000000000000001
588,4.798560186625061,0.0005999999999999997
589,4.878996027227698,0.0028000000000000013
590,4.945252761951132,0.0014000000000000002
591,4.852524446179925,0.00019999999999999985
592,4.762596212853981,0.0005999999999999997
593,4.734075571709387,0.0011999999999999995
594,4.66366244689071,0.0004000000000000001
595,4.687413089938638,0.00019999999999999985
596,4.746925463244847,0.0016000000000000007
597,4.69783388008409,0.0004000000000000001
598,4.771216688200815,0.0017999999999999997
599,4.776230355447816,0.0005999999999999997
600,4.740863585123643,0.00019999999999999985
601,4.782891796599423,0.0008000000000000003
602,4.712813834434739,0.0004000000000000001
603,4.677719368802309,0.0020000000000000005
604,4.685361187564459,0.0005999999999999997
605,4.74650030454988,0.0011999999999999995
606,4.7434724348770985,0.00019999999999999985
607,4.697756242621058,0.0005999999999999997
608,4.600567022009878,0.0014000000000000002
609,4.586074575687665,0.00019999999999999985
610,4.641670434490701,0.0008000000000000003
611,4.598521130613964,0.0011999999999999995
612,4.514828237777883,0.0005999999999999997
613,4.526217883986768,0.0005999999999999997
614,4.540433696559352,0.00019999999999999985
615,4.559387442895062,0.00019999999999999985
616,4.538637722821163,0.0004000000000000001
617,4.537203498359512,0.0008000000000000003
618,4.461813125433398,0.0004000000000000001
619,4.505835602920719,0.0010000000000000002
620,4.424878244420855,0.0004000000000000001
621,4.497559059351437,0.0022000000000000006
622,4.457631245451917,0.0010000000000000002
623,4.411637670906553,0.0008000000000000003
624,4.365208876799654,0.0004000000000000001
625,4.363760228007397,0.0014000000000000002
626,4.440016905989456,0.0028000000000000013
627,4.362070896801196,0.0005999999999999997
628,4.447771999378828,0.0032000000000000015
629,4.466051957368721,0.0011999999999999995
630,4.552159967983849,0.00019999999999999985
631,4.5333402763630914,0.0005999999999999997
632,4.520819121140992,0.0008000000000000003
633,4.452065131264491,0.0008000000000000003
634,4.415531813990395,0.00019999999999999985
635,4.509361768048285,0.0014000000000000002
636,4.582523571699169,0.0022000000000000006
637,4.562342509718112,0.0014000000000000002
638,4.552968056750844,0.0016000000000000007
639,4.6463223258394954,0.0004000000000000001
640,4.638431232363393,0.0004000000000000001
641,4.711722031441399,0.00019999999999999985
642,4.754874927607687,0.0032000000000000015
643,4.666894040397613,0.0008000000000000003
644,4.686575920285601,0.00019999999999999985
645,4.671921801934211,0.0016000000000000007
646,4.652980555379195,0.0010000000000000002
647,4.697183239144362,0.0005999999999999997
648,4.6980703133110975,0.0011999999999999995
649,4.652885691678611,0.0004000000000000001
650,4.683344551964658,0.0008000000000000003
651,4.772999527613298,0.0023999999999999994
652,4.708791665687147,0.0010000000000000002
653,4.73302893045492,0.0004000000000000001
654,4.723394259022428,0.0028000000000000013
655,4.8218166281625905,0.0005999999999999997
656,4.7710656052641855,0.0005999999999999997
657,4.7091697141636555,0.0014000000000000002
658,4.615388831009539,0.0004000000000000001
659,4.600419404251815,0.00019999999999999985
660,4.638613414042917,0.0008000000000000003
661,4.665889550722319,0.00019999999999999985
662,4.654536017779307,0.00019999999999999985
663,4.711948398115046,0.0010000000000000002
664,4.747685522970037,0.0005999999999999997
665,4.687139528660755,0.0005999999999999997
666,4.696539173168917,0.00019999999999999985
667,4.69250114292938,0.0005999999999999997
668,4.722415273224972,0.0034000000000000007
669,4.726988124386912,0.0010000000000000002
670,4.820347826283456,0.0004000000000000001
671,4.86765266487323,0.0014000000000000002
672,4.854482904591791,0.0023999999999999994
673,4.770589750441523,0.0014000000000000002
674,4.8428711724696045,0.0014000000000000002
675,4.91373443072242,0.0008000000000000003
676,4.879490732712502,0.0011999999999999995
677,4.879850819234332,0.00019999999999999985
678,4.943724349201958,0.0004000000000000001
679,4.979121927455761,0.0011999999999999995
680,5.023717959013979,0.0004000000000000001
681,5.043730584624336,0.00019999999999999985
682,5.047740003869656,0.00019999999999999985
683,5.092859845869622,0.0010000000000000002
684,5.057956604562979,0.0010000000000000002
685,5.141733658029425,0.0005999999999999997
686,5.235095912726044,0.005199999999999999
687,5.333586084977571,0.0016000000000000007
688,5.390669966391774,0.0005999999999999997
689,5.299744590399808,0.0032000000000000015
690,5.334548190570395,0.00019999999999999985
691,5.394365268822256,0.0005999999999999997
692,5.32555939031532,0.0011999999999999995
693,5.279703516220742,0.002999999999999999
694,5.323493575985121,0.0010000000000000002
695,5.291946463054511,0.0008000000000000003
696,5.272890453889762,0.002999999999999999
697,5.240872325408247,0.0004000000000000001
698,5.22794406135492,0.0008000000000000003
699,5.244819409538758,0.0005999999999999997
700,5.259467523670405,0.0005999999999999997
701,5.245398775163437,0.0004000000000000001
702,5.185416913015565,0.0016000000000000007
703,5.226459022462732,0.0004000000000000001
704,5.284986709945617,0.0005999999999999997
705,5.221217600213798,0.0016000000000000007
706,5.1429413552670225,0.0028000000000000013
707,5.180532718452961,0.0008000000000000003
708,5.0927397481620575,0.0004000000000000001
709,5.178697210317349,0.0022000000000000006
710,5.112117814497241,0.0014000000000000002
711,5.153047308571633,0.0010000000000000002
712,5.141698134564049,0.0014000000000000002
713,5.160452341893454,0.0010000000000000002
714,5.151696203606125,0.0004000000000000001
715,5.17617407320733,0.0005999999999999997
716,5.171867886628732,0.00019999999999999985
717,5.128985596050617,0.0005999999999999997
718,5.035264119200307,0.0008000000000000003
719,5.036251017364751,0.0010000000000000002
720,5.040753354664362,0.00019999999999999985
721,4.996396483121007,0.00019999999999999985
722,4.943505607763739,0.00019999999999999985
723,4.986964962381053,0.0017999999999999997
724,4.958465076903595,0.0004000000000000001
725,4.891037691165832,0.0010000000000000002
726,4.854270590273761,0.0011999999999999995
727,4.945846955024104,0.0011999999999999995
728,4.9327225176764875,0.0010000000000000002
729,4.940409450606352,0.0005999999999999997
730,4.934552558626205,0.0032000000000000015
731,4.895100650061947,0.00019999999999999985
732,4.931392744739105,0.0011999999999999995
733,4.927772884857681,0.0004000000000000001
734,4.833488854063265,0.0010000000000000002
735,4.926746019722292,0.00019999999999999985
736,4.960072175859345,0.0008000000000000003
737,5.0180270176984445,0.0014000000000000002
738,5.078976548618805,0.0014000000000000002
739,5.107509805250415,0.0017999999999999997
740,5.099706960046925,0.0008000000000000003
741,5.0672249486911785,0.0008000000000000003
742,5.029523683724431,0.004199999999999999
743,4.974163642711684,0.0008000000000000003
744,4.907859387059473,0.0005999999999999997
745,5.005076825109645,0.0005999999999999997
746,5.020954745505291,0.0011999999999999995
747,4.969794175019727,0.0005999999999999997
748,4.881064563828704,0.0010000000000000002
749,4.820936698895626,0.0020000000000000005
750,4.772235279532072,0.0022000000000000006
751,4.831069317199605,0.004799999999999999
752,4.773412458657398,0.0004000000000000001
753,4.859910913224624,0.00019999999999999985
754,4.794680900341545,0.0008000000000000003
755,4.756365733763093,0.0004000000000000001
756,4.783238258276715,0.0008000000000000003
757,4.834879126029195,0.0008000000000000003
758,4.78981579670766,0.0004000000000000001
759,4.762100427149986,0.0004000000000000001
760,4.833826274030597,0.0016000000000000007
761,4.915228823649126,0.0005999999999999997
762,4.939279142275875,0.0011999999999999995
763,5.012197870493473,0.0014000000000000002
764,5.094908096028678,0.0010000000000000002
765,5.023476867867352,0.00019999999999999985
766,5.062019527035092,0.0004000000000000001
767,5.002239089393246,0.0005999999999999997
768,5.060863756414527,0.00019999999999999985
769,5.146357579638168,0.00019999999999999985
770,5.215760119111408,0.0023999999999999994
771,5.225331621662655,0.0014000000000000002
772,5.240470207403645,0.0004000000000000001
773,5.245569453950445,0.0017999999999999997
774,5.262131711411229,0.00019999999999999985
775,5.322217034872102,0.002599999999999999
776,5.320171167275677,0.00019999999999999985
777,5.392769060469902,0.0004000000000000001
778,5.311399584925174,0.0005999999999999997
779,5.2319065349875205,0.0016000000000000007
780,5.241383537985076,0.0020000000000000005
781,5.282856150018555,0.0004000000000000001
782,5.265878310711423,0.0005999999999999997
783,5.339460777948301,0.0004000000000000001
784,5.325273807238506,0.0008000000000000003
785,5.309782234430751,0.0023999999999999994
786,5.395054778811127,0.0008000000000000003
787,5.321477890700637,0.0017999999999999997
788,5.374475286808652,0.0004000000000000001
789,5.471814465022435,0.0011999999999999995
790,5.462749753362956,0.00019999999999999985
791,5.401415926574965,0.00019999999999999985
792,5.494242338478109,0.0011999999999999995
793,5.536851169711531,0.0010000000000000002
794,5.451797384930905,0.0022000000000000006
795,5.469921969644336,0.00019999999999999985
796,5.442890677840148,0.0014000000000000002
797,5.528477645854522,0.0017999999999999997
798,5.457306004402615,0.0014000000000000002
799,5.54660196469213,0.0010000000000000002
800,5.595769434799836,0.0005999999999999997
801,5.616498051048824,0.0005999999999999997
802,5.526860844820424,0.0011999999999999995
803,5.527836176058951,0.0005999999999999997
804,5.594803090488357,0.0004000000000000001
805,5.6458038136432,0.00019999999999999985
806,5.691424801052749,0.0005999999999999997
807,5.717293560714738,0.00019999999999999985
808,5.70625917386449,0.0016000000000000007
809,5.608905567434139,0.0014000000000000002
810,5.617113754913473,0.0005999999999999997
811,5.689904955638921,0.0005999999999999997
812,5.671672567299057,0.0011999999999999995
813,5.623851114613536,0.00019999999999999985
814,5.5314522044327,0.0010000000000000002
815,5.435953141401133,0.00019999999999999985
816,5.346100809716526,0.0008000000000000003
817,5.403636621091761,0.0022000000000000006
818,5.494943287209617,0.00019999999999999985
819,5.512453307008754,0.0005999999999999997
820,5.565067900858741,0.0008000000000000003
821,5.494939931650926,0.00019999999999999985
822,5.309511894356275,0.0010000000000000002
823,5.277700904065038,0.0011999999999999995
824,5.197272137278234,0.0004000000000000001
825,5.130649100087149,0.0008000000000000003
826,5.21789591048022,0.00019999999999999985
827,5.134004790271522,0.0010000000000000002
828,5.201366099953326,0.0011999999999999995
829,5.251400897602545,0.0011999999999999995
830,5.199344939161895,0.0008000000000000003
831,5.283803913263413,0.0004000000000000001
832,5.389579372952927,0.0010000000000000002
833,5.394082112504355,0.00019999999999999985
834,5.357419158518638,0.00019999999999999985
835,5.333231409019186,0.00019999999999999985
836,5.42563120152556,0.00019999999999999985
837,5.390140731472391,0.0014000000000000002
838,5.303368945837139,0.0008000000000000003
839,5.217085632504588,0.00019999999999999985
840,5.286914697678778,0.0023999999999999994
841,5.132958293635297,0.00019999999999999985
842,5.121497940148767,0.00019999999999999985
843,5.166331853325166,0.0028000000000000013
844,5.220477405156753,0.00019999999999999985
845,5.264929991280207,0.0005999999999999997
846,5.348309246597986,0.00019999999999999985
847,5.300485376241601,0.0011999999999999995
848,5.301780264510126,0.0020000000000000005
849,5.245522203362672,0.0008000000000000003
850,5.340099984752171,0.0016000000000000007
851,5.313365157396235,0.0005999999999999997
852,5.315068057840169,0.0020000000000000005
853,5.248844336819195,0.00019999999999999985
854,5.301097640990896,0.00019999999999999985
855,5.213758483735898,0.0011999999999999995
856,5.29020312608536,0.00019999999999999985
857,5.24876722453816,0.00019999999999999985
858,5.169035125727298,0.00019999999999999985
859,5.092405813686121,0.00019999999999999985
860,5.125575177105462,0.0004000000000000001
861,5.099388094552035,0.0010000000000000002
862,5.108122811337676,0.0008000000000000003
863,5.0390372070762925,0.0023999999999999994
864,5.050441561145485,0.00019999999999999985
865,4.951097654499574,0.0005999999999999997
866,4.914615973878909,0.0017999999999999997
867,4.912904851975346,0.0004000000000000001
868,4.831755874575318,0.00019999999999999985
869,4.86544676305292,0.0008000000000000003
870,4.923297011572804,0.0005999999999999997
871,4.906804940404089,0.0008000000000000003
872,4.932674194479683,0.0004000000000000001
873,5.037039293531658,0.0014000000000000002
874,5.011806955043666,0.0005999999999999997
875,5.075381490244184,0.00019999999999999985
876,5.025230421169766,0.00019999999999999985
877,5.117457416022972,0.0004000000000000001
878,5.044795491025131,0.00019999999999999985
879,5.038626972895711,0.0010000000000000002
880,5.1337432755566486,0.0005999999999999997
881,5.231908536186262,0.0008000000000000003
882,5.232412529189348,0.0010000000000000002
883,5.176160196157289,0.0004000000000000001
884,5.204874817463627,0.00019999999999999985
885,5.168966792589957,0.0011999999999999995
886,5.1097272110606795,0.0004000000000000001
887,5.070106145713015,0.0005999999999999997
888,5.015156205058327,0.00019999999999999985
889,5.0817966581423555,0.0008000000000000003
890,5.03375014631228,0.0008000000000000003
891,5.05388277752451,0.0005999999999999997
892,5.043919366921216,0.0010000000000000002
893,4.988566384753684,0.0005999999999999997
894,4.96719082831814,0.0004000000000000001
895,4.91115295396818,0.0036
896,4.95661175146938,0.00019999999999999985
897,4.943907872611842,0.00019999999999999985
898,4.844694134813451,0.0005999999999999997
899,4.848495782588286,0.0005999999999999997
900,4.926442751785687,0.0004000000000000001
901,5.0173216449339835,0.0010000000000000002
902,4.872394843495253,0.0004000000000000001
903,4.955130370837079,0.00019999999999999985
904,4.950694771201828,0.0005999999999999997
905,4.872141519894985,0.0005999999999999997
906,4.836182454629787,0.0017999999999999997
907,4.862545594326589,0.00019999999999999985
908,4.8510420938748435,0.0008000000000000003
909,4.886378570923339,0.0010000000000000002
910,4.843868778202069,0.0014000000000000002
911,4.917504033832222,0.0004000000000000001
912,4.937513892995614,0.0004000000000000001
913,4.842223401158851,0.00019999999999999985
914,4.801897416545536,0.0005999999999999997
915,4.8762304431211,0.0004000000000000001
916,4.829154450500034,0.0005999999999999997
917,4.825327233350166,0.0004000000000000001
918,4.783090749093702,0.0004000000000000001
919,4.726951248405739,0.0010000000000000002
920,4.719752302151814,0.00019999999999999985
921,4.672400404039937,0.0005999999999999997
922,4.670596971710589,0.0004000000000000001
923,4.7746550857522845,0.00019999999999999985
924,4.68954702556028,0.0010000000000000002
925,4.683140499765048,0.00019999999999999985
926,4.774581654236185,0.0005999999999999997
927,4.837713772708318,0.0023999999999999994
928,4.908515863743701,0.0010000000000000002
929,4.889474548513042,0.0004000000000000001
930,4.79002614902056,0.0010000000000000002
931,4.755205128429953,0.0022000000000000006
932,4.7350928983420175,0.00019999999999999985
933,4.705239254709129,0.0010000000000000002
934,4.7185307268132695,0.0008000000000000003
935,4.739529398711579,0.00019999999999999985
936,4.73306514948475,0.0011999999999999995
937,4.646424225775389,0.0005999999999999997
938,4.662131923919144,0.00019999999999999985
939,4.57392607054459,0.0020000000000000005
940,4.506592442152579,0.0014000000000000002
941,4.5059142650804285,0.0016000000000000007
942,4.41351323805455,0.00019999999999999985
943,4.400664881632027,0.00019999999999999985
944,4.395172706135243,0.0010000000000000002
945,4.430859147618333,0.00019999999999999985
946,4.509248983343115,0.00019999999999999985
947,4.530467261705382,0.00019999999999999985
948,4.462497755660728,0.00019999999999999985
949,4.505202051228107,0.0014000000000000002
950,4.520655868805448,0.00019999999999999985
951,4.56378665052674,0.0023999999999999994
952,4.730372381689212,0.0010000000000000002
953,4.669658643824468,0.0016000000000000007
954,4.623393662548203,0.0014000000000000002
955,4.644918128258564,0.0004000000000000001
956,4.68359876824608,0.0005999999999999997
957,4.648055401339203,0.0022000000000000006
958,4.6259381568438105,0.0005999999999999997
959,4.708001738857998,0.0020000000000000005
960,4.713452339695882,0.0011999999999999995
961,4.728626406050103,0.00019999999999999985
962,4.662783962163861,0.0010000000000000002
963,4.629318657689215,0.0005999999999999997
964,4.587237395017698,0.00019999999999999985
965,4.526403319499897,0.0023999999999999994
966,4.544413348640567,0.0004000000000000001
967,4.564171360302172,0.0010000000000000002
968,4.536569635278105,0.00019999999999999985
969,4.661054745703605,0.00019999999999999985
970,4.657886996756636,0.002599999999999999
971,4.674065219562323,0.0010000000000000002
972,4.61330505470913,0.0010000000000000002
973,4.569637003704801,0.0005999999999999997
974,4.669095954187406,0.0004000000000000001
975,4.696813678451203,0.0011999999999999995
976,4.791807897666494,0.0014000000000000002
977,4.755734886832784,0.0004000000000000001
978,4.774353367300812,0.0005999999999999997
979,4.748355495419737,0.00019999999999999985
980,4.731668821857113,0.0004000000000000001
981,4.68576569335021,0.0016000000000000007
982,4.623512310585516,0.00019999999999999985
983,4.697564538599023,0.0023999999999999994
984,4.706237221425002,0.00019999999999999985
985,4.6753408849485565,0.00019999999999999985
986,4.750119147652854,0.0008000000000000003
987,4.822893065717547,0.0005999999999999997
988,4.866248395683804,0.0008000000000000003
989,4.881127369935367,0.0032000000000000015
990,4.8441348009596625,0.0023999999999999994
991,4.862058250315674,0.002999999999999999
992,4.953179454044335,0.0005999999999999997
993,4.902633395481618,0.00019999999999999985
994,4.811955133535606,0.0017999999999999997
995,4.761257375286232,0.00019999999999999985
996,4.739459900031676,0.0010000000000000002
997,4.790149724214574,0.0008000000000000003
998,4.781345210547773,0.00019999999999999985
999,4.826222238211761,0.0014000000000000002
1000,4.7537077547969435,0.0004000000000000001
1001,4.803590489720685,0.00019999999999999985
1002,4.854505033635109,0.0016000000000000007
1003,4.853802492703638,0.0014000000000000002
1004,4.92767169297595,0.0008000000000000003
1005,4.903968440011029,0.0008000000000000003
1006,4.868582145049609,0.00019999999999999985
1007,4.781498986440647,0.0004000000000000001
1008,4.732280723007014,0.0004000000000000001
1009,4.639644388838539,0.004000000000000002
1010,4.545205048637869,0.00019999999999999985
1011,4.550938915693672,0.00019999999999999985
1012,4.5775117362773905,0.0004000000000000001
1013,4.64094643076148,0.0017999999999999997
1014,4.389167396931122,0.0014000000000000002
1015,4.3047948702208245,0.0023999999999999994
1016,4.386007370203221,0.00019999999999999985
1017,4.322585568597028,0.0008000000000000003
1018,4.224772325951804,0.00019999999999999985
1019,4.205476225487183,0.0005999999999999997
1020,4.254911444379224,0.0008000000000000003
1021,4.326066543345424,0.0004000000000000001
1022,4.39026913971454,0.0004000000000000001
1023,4.405622502488023,0.0004000000000000001
1024,4.433253478569713,0.0005999999999999997
1025,4.476804294536147,0.0010000000000000002
1026,4.568542486621697,0.0014000000000000002
1027,4.617711881400319,0.0016000000000000007
1028,4.702127677864365,0.00019999999999999985
1029,4.674464157292325,0.00019999999999999985
1030,4.643317731984543,0.0010000000000000002
1031,4.673093875670004,0.0005999999999999997
1032,4.6501640192842855,0.0005999999999999997
1033,4.648846334917952,0.0010000000000000002
1034,4.623292850122409,0.004000000000000002
1035,4.699819807326244,0.0005999999999999997
1036,4.642422782946656,0.0008000000000000003
1037,4.57020811818903,0.00019999999999999985
1038,4.5636656246038365,0.00019999999999999985
1039,4.5295263683772955,0.0008000000000000003
1040,4.557717566148102,0.0010000000000000002
1041,4.505787857739002,0.0005999999999999997
1042,4.550811775038856,0.0005999999999999997
1043,4.478325773935598,0.0005999999999999997
1044,4.575616269662593,0.00019999999999999985
1045,4.505805167165021,0.0017999999999999997
1046,4.492938111246685,0.0004000000000000001
1047,4.561605906792336,0.0005999999999999997
1048,4.524756915167287,0.00019999999999999985
1049,4.5206104481931035,0.0004000000000000001
1050,4.596990243249488,0.00019999999999999985
1051,4.499955248776042,0.00019999999999999985
1052,4.565033796083972,0.0017999999999999997
1053,4.634944660448029,0.00019999999999999985
1054,4.544784351135797,0.00019999999999999985
1055,4.45486812477069,0.00019999999999999985
1056,4.515889593427852,0.0004000000000000001
1057,4.399156348307775,0.0008000000000000003
1058,4.477302971596894,0.0004000000000000001
1059,4.471673686095903,0.0016000000000000007
1060,4.477037765161155,0.00019999999999999985
1061,4.490939062166046,0.0005999999999999997
1062,4.412118104348308,0.0004000000000000001
1063,4.267207787488686,0.0028000000000000013
1064,4.3526216078712645,0.0008000000000000003
1065,4.2536176153699925,0.00019999999999999985
1066,4.299362871108587,0.0004000000000000001
1067,4.372491828875194,0.00019999999999999985
1068,4.385591040770086,0.0023999999999999994
1069,4.426602927657068,0.0005999999999999997
1070,4.387837784933596,0.004600000000000001
1071,4.40287629438286,0.0014000000000000002
1072,4.376525099095014,0.0020000000000000005
1073,4.281056568529948,0.0011999999999999995
1074,4.256896820697992,0.0004000000000000001
1075,4.2794848047491705,0.0010000000000000002
1076,4.185038846950069,0.00019999999999999985
1077,4.230053245369733,0.0011999999999999995
1078,4.14260274029688,0.0005999999999999997
1079,4.202955242718453,0.00019999999999999985
1080,4.260925889535827,0.0010000000000000002
1081,4.304440848481533,0.00019999999999999985
1082,4.266180093389259,0.00019999999999999985
1083,4.1692036400152075,0.00019999999999999985
1084,4.267517163024575,0.00019999999999999985
1085,4.17524896101137,0.0014000000000000002
1086,4.107621823583956,0.0005999999999999997
1087,4.1431831684492915,0.0008000000000000003
1088,4.1878049540373325,0.00019999999999999985
1089,4.1138485431915965,0.0014000000000000002
1090,4.029187046156459,0.002999999999999999
1091,4.089246386634286,0.0011999999999999995
1092,4.132317371596399,0.00019999999999999985
1093,4.0791180251357,0.0005999999999999997
1094,4.1021381773630345,0.00019999999999999985
1095,4.058232486135132,0.0004000000000000001
1096,4.053831743061174,0.0011999999999999995
1097,4.006898143235043,0.00019999999999999985
1098,4.019151052806052,0.0010000000000000002
1099,4.066789484672011,0.0011999999999999995
1100,4.004112346642373,0.0011999999999999995
1101,4.094317327329044,0.0016000000000000007
1102,4.0736439157970175,0.002599999999999999
1103,4.0350762005597005,0.0010000000000000002
1104,3.9631041270513627,0.0004000000000000001
1105,3.904044433655552,0.0014000000000000002
1106,3.8683973302821375,0.0008000000000000003
1107,3.8586297008856496,0.00019999999999999985
1108,3.7720320997240444,0.002599999999999999
1109,3.7736881023960764,0.0010000000000000002
1110,3.8618662920485463,0.0022000000000000006
1111,3.9420994369615476,0.0005999999999999997
1112,3.8814187042367396,0.0008000000000000003
1113,3.79458271339979,0.0008000000000000003
1114,3.771456955268734,0.0008000000000000003
1115,3.833029672881136,0.0010000000000000002
1116,3.7907352994317343,0.0005999999999999997
1117,3.741355493793762,0.00019999999999999985
